{
  "0": 0.30982327461242676,
  "1": 0.4774005115032196,
  "2": 0.3716822862625122
}